pl_name,pl_masse,pl_rade,classification
KELT-21 b,1242.7153,18.571837,Gas Giant
TOI-3919 b,1233.174219,11.265835,Gas Giant
TOI-4641 b,1229.995935,8.971443,Gas Giant
MASCARA-1 b,1175.971,18.694914,Gas Giant
NGTS-33 b,1153.717117,18.449014,Gas Giant
WASP-173 A b,1149.483207,13.571576,Gas Giant
TOI-558 b,1147.360549,12.851511,Gas Giant
TOI-5301 b,1141.003981,12.987725,Gas Giant
HAT-P-69 b,1137.8314,18.398742,Gas Giant
CoRoT-2 b,1090.141167,16.429179,Gas Giant
HATS-61 b,1080.622,11.673263,Gas Giant
CoRoT-18 b,1072.663725,14.256277,Gas Giant
TOI-1107 b,1064.725163,14.234924,Gas Giant
TOI-2992 b,1058.368595,13.26791,Gas Giant
WASP-32 b,1058.3619,12.42211,Gas Giant
HATS-16 b,1039.3041,14.159362,Gas Giant
TOI-5153 b,1036.120607,11.61811,Gas Giant
HATS-36 b,1022.14128,13.328505,Gas Giant
TIC 46432937 b,1017.050902,13.316269,Gas Giant
WASP-10 b,1009.0935,12.554866,Gas Giant
TOI-1516 b,1004.337766,16.260457,Gas Giant
HATS-57 b,1000.21101,12.784026,Gas Giant
Kepler-43 b,998.4953,12.37221,Gas Giant
TOI-1431 b,991.62463,16.317041,Gas Giant
EPIC 246851721 b,953.49,12.742203,Gas Giant
TOI-2989 b,953.485221,13.003979,Gas Giant
TOI-2416 b,953.485221,10.704502,Gas Giant
CoRoT-23 b,948.184833,12.255357,Gas Giant
CoRoT-6 b,939.7051,13.14012,Gas Giant
NGTS-9 b,921.707,11.602327,Gas Giant
TOI-2152 A b,899.454392,14.83227,Gas Giant
WASP-38 b,894.890582,12.557138,Gas Giant
WASP-158 b,886.7457,12.398365,Gas Giant
TOI-778 b,878.0,15.32265,Gas Giant
CoRoT-10 b,875.0811,9.918931,Gas Giant
KELT-16 b,874.0325,16.49693,Gas Giant
HATS-22 b,870.8542,11.385989,Gas Giant
WASP-141 b,854.9627,13.472452,Gas Giant
WASP-99 b,848.593633,12.209341,Gas Giant
HATS-76 b,835.570882,11.925697,Gas Giant
TOI-4201 b,813.302257,12.882518,Gas Giant
Qatar-2 b,795.642376,12.810496,Gas Giant
WASP-161 b,791.3967,13.117794,Gas Giant
CoRoT-11 b,777.085875,17.073794,Gas Giant
WASP-140 b,775.5052,14.788852,Gas Giant
HAT-P-14 b,775.228551,13.711683,Gas Giant
CoRoT-17 b,773.374033,11.383548,Gas Giant
Kepler-17 b,769.137433,14.686692,Gas Giant
TOI-2485 b,766.602118,12.167663,Gas Giant
NGTS-3 A b,756.4354,14.912988,Gas Giant
TOI-1333 b,753.2571,15.429132,Gas Giant
NGTS-21 b,750.075041,14.907944,Gas Giant
HATS-24 b,746.9005,16.390188,Gas Giant
TOI-5232 b,743.718472,12.875819,Gas Giant
WASP-66 b,743.71455,15.093393,Gas Giant
TOI-4791 b,734.18362,12.726634,Gas Giant
WASP-36 b,733.609108,14.361204,Gas Giant
WASP-192 b,731.009,13.325035,Gas Giant
TOI-2046 b,731.005336,16.196891,Gas Giant
TOI-1518 b,731.005336,20.296671,Gas Giant
TOI-1820 b,731.005336,12.102719,Gas Giant
WASP-8 b,721.844192,11.975082,Gas Giant
TOI-3331 A b,721.470484,12.574,Gas Giant
HATS-52 b,711.9392,15.463919,Gas Giant
HAT-P-22 b,703.776728,12.354155,Gas Giant
WASP-61 b,703.191925,14.337606,Gas Giant
WASP-73 b,701.232123,13.886248,Gas Giant
HAT-P-31 b,700.41063,12.458223,Gas Giant
HD 118203 b,695.408555,12.67385,Gas Giant
WASP-87 b,692.8694,15.197031,Gas Giant
NGTS-10 b,687.14846,13.506845,Gas Giant
WASP-53 b,677.61356,12.235044,Gas Giant
HAT-P-56 b,676.9779,17.052332,Gas Giant
WASP-164 b,676.9779,12.776108,Gas Giant
TOI-150.01,676.9779,14.474997,Gas Giant
Kepler-5 b,666.720728,15.451962,Gas Giant
TOI-5218 b,657.0,9.623789,Gas Giant
TOI-5027 b,642.013382,11.021211,Gas Giant
TOI-1937 A b,638.835098,14.321849,Gas Giant
TOI-2981 b,638.0,12.8986,Gas Giant
TOI-4515 b,637.0,12.218198,Gas Giant
Kepler-76 b,636.709433,13.369788,Gas Giant
WASP-189 b,632.47853,18.14734,Gas Giant
HATS-18 b,629.223943,15.284771,Gas Giant
WASP-46 b,626.221767,13.547546,Gas Giant
HAT-P-15 b,625.95964,11.371681,Gas Giant
TOI-2384 b,624.850648,11.55781,Gas Giant
TOI-5616 b,624.0,10.86615,Gas Giant
WASP-3 b,622.023669,15.640016,Gas Giant
K2-114 b,621.885232,10.769576,Gas Giant
WASP-71 b,620.18232,15.218896,Gas Giant
TIC 237913194 b,617.22586,12.157875,Gas Giant
HAT-P-23 b,607.7038,14.344502,Gas Giant
WASP-43 b,606.09746,11.368923,Gas Giant
WASP-135 b,603.877,14.284724,Gas Giant
HAT-P-49 b,603.869367,16.737182,Gas Giant
HATS-42 b,597.5204,14.471157,Gas Giant
Qatar-7 b,597.5204,18.385849,Gas Giant
WASP-163 b,594.3421,14.144626,Gas Giant
TrES-3 b,592.071236,15.004813,Gas Giant
TOI-5634 A b,588.0,10.0461,Gas Giant
WASP-106 b,586.706974,11.868781,Gas Giant
WASP-100 b,582.41725,17.624258,Gas Giant
WASP-77 A b,576.876739,13.790347,Gas Giant
HAT-P-36 b,574.060453,14.405495,Gas Giant
HATS-1 b,572.87625,13.909341,Gas Giant
WASP-105 b,572.094,12.92797,Gas Giant
TOI-4961 b,572.091133,12.895509,Gas Giant
TrES-5 b,569.06868,13.607151,Gas Giant
TOI-3593 b,565.734564,11.358293,Gas Giant
WASP-114 b,562.24127,14.757515,Gas Giant
WASP-37 b,559.3688,13.170597,Gas Giant
WASP-72 b,543.341111,15.084254,Gas Giant
Gaia-1 b,533.951724,13.215824,Gas Giant
TOI-2977 b,533.951724,13.070822,Gas Giant
TOI-3364 b,530.77344,12.310749,Gas Giant
TOI-6029 b,519.649445,12.707166,Gas Giant
HAT-P-57 b,518.0629,17.47603,Gas Giant
WASP-170 b,508.528,12.866882,Gas Giant
TOI-2337 b,508.525451,10.82684,Gas Giant
KELT-3 b,505.741425,15.898054,Gas Giant
HATS-40 b,505.3497,16.400234,Gas Giant
K2-34 b,503.840008,14.015585,Gas Giant
WASP-5 b,503.355233,12.859732,Gas Giant
KELT-2 A b,503.118137,14.760815,Gas Giant
TOI-2236 b,502.168883,14.290757,Gas Giant
XO-4 b,499.994995,14.695801,Gas Giant
K2-260 b,498.99173,18.203208,Gas Giant
WASP-65 b,491.0391,12.70544,Gas Giant
HAT-P-59 b,489.455747,12.784474,Gas Giant
WASP-178 b,487.86905,21.078317,Gas Giant
TOI-481 b,486.2799,11.519855,Gas Giant
WASP-136 b,479.922097,16.229595,Gas Giant
WASP-50 b,477.808552,13.103944,Gas Giant
TOI-4551 b,473.564326,10.091606,Gas Giant
HAT-P-53 b,470.547315,14.252548,Gas Giant
WASP-103 b,469.191613,17.45793,Gas Giant
WASP-93 b,467.2101,16.88377,Gas Giant
HATS-23 b,467.2101,21.676141,Gas Giant
WASP-12 b,466.719325,20.881159,Gas Giant
TOI-564 b,464.98529,9.592293,Gas Giant
HATS-74 A b,464.029474,11.798809,Gas Giant
HATS-67 b,460.8535,17.827332,Gas Giant
WASP-188 b,458.626391,13.742986,Gas Giant
TOI-4137 b,457.672906,13.605588,Gas Giant
TOI-1295 b,451.316338,15.330575,Gas Giant
HATS-2 b,449.722606,12.996063,Gas Giant
TOI-2886 b,444.95977,18.645167,Gas Giant
HAT-P-8 b,443.559228,15.886212,Gas Giant
K2-237 b,442.179901,17.193666,Gas Giant
HATS-77 b,436.696231,13.479796,Gas Giant
TOI-3523 A b,435.424918,16.469449,Gas Giant
HAT-P-50 b,430.500735,14.399108,Gas Giant
WASP-91 b,425.8922,11.748385,Gas Giant
HATS-17 b,425.25654,9.195577,Gas Giant
KELT-7 b,424.30305,17.640932,Gas Giant
WASP-97 b,424.085963,13.102458,Gas Giant
CoRoT-13 b,418.57623,11.601673,Gas Giant
HATS-4 b,418.255235,11.924832,Gas Giant
KELT-17 b,416.3573,17.077513,Gas Giant
DS Tuc A b,413.179,5.835256,Other/Unknown
K2-113 b,410.0007,11.852054,Gas Giant
HATS-68 b,410.0007,15.142125,Gas Giant
Kepler-428 b,405.2262,11.637773,Gas Giant
WASP-104 b,403.63572,12.704206,Gas Giant
WASP-197 b,403.324248,14.383909,Gas Giant
Qatar-1 b,402.741132,12.949631,Gas Giant
WASP-85 A b,402.05495,11.67479,Gas Giant
WASP-95 b,399.824173,13.653203,Gas Giant
TrES-2 b,398.615231,13.656606,Gas Giant
TOI-4487 A b,397.285509,13.864551,Gas Giant
TOI-3464 b,397.285509,13.125714,Gas Giant
WASP-64 b,396.007715,14.40613,Gas Giant
KELT-14 b,394.1092,17.931356,Gas Giant
TOI-2346 b,394.107225,15.497757,Gas Giant
WASP-130 b,390.9309,10.500605,Gas Giant
WASP-119 b,390.9309,14.772105,Gas Giant
HATS-35 b,388.38826,16.034638,Gas Giant
TOI-163 b,387.7526,15.658136,Gas Giant
WASP-138 b,387.7526,13.233905,Gas Giant
WASP-82 b,387.746767,18.634503,Gas Giant
WASP-4 b,385.907475,15.184552,Gas Giant
WTS-2 b,379.80685,15.277867,Gas Giant
HATS-33 b,378.85336,13.213128,Gas Giant
Qatar-9 b,378.2177,12.338641,Gas Giant
TOI-3160 A b,378.215804,14.543964,Gas Giant
HAT-P-37 b,377.047233,13.055347,Gas Giant
TOI-1181 b,375.585737,16.125864,Gas Giant
KELT-18 b,375.0394,17.862415,Gas Giant
TOI-157 b,375.0394,13.929022,Gas Giant
WASP-194 b,373.13055,14.657901,Gas Giant
HD 2685 b,371.8611,16.61808,Gas Giant
WASP-121 b,371.859864,20.21287,Gas Giant
TOI-6016 b,371.859236,14.322578,Gas Giant
WASP-133 b,368.6828,13.873865,Gas Giant
TOI-2969 b,368.680952,12.331239,Gas Giant
TOI-4153 b,365.502668,16.390874,Gas Giant
WASP-47 b,363.684322,12.482717,Gas Giant
HD 189733 b,362.496274,12.975174,Gas Giant
WASP-19 b,361.132178,15.62017,Gas Giant
TOI-1855 b,360.099585,19.041209,Gas Giant
WASP-24 b,355.903248,14.943129,Gas Giant
HAT-P-6 b,355.543442,15.391869,Gas Giant
CoRoT-19 b,355.436117,13.937886,Gas Giant
TOI-4379 b,353.743017,16.605718,Gas Giant
KELT-15 b,352.7913,17.23507,Gas Giant
TOI-3819 b,352.789532,13.032116,Gas Giant
TOI-1601 b,350.82585,14.232358,Gas Giant
TOI-858 B b,349.611248,14.063958,Gas Giant
CoRoT-35 b,349.611248,18.831088,Gas Giant
CoRoT-1 b,348.97436,17.734849,Gas Giant
XO-5 b,348.548288,12.41804,Gas Giant
KPS-1 b,346.4347,10.872585,Gas Giant
WASP-171 b,344.52772,11.17986,Gas Giant
TOI-5205 b,343.0,11.35625,Gas Giant
WASP-75 b,340.545795,14.125288,Gas Giant
HATS-14 b,340.0781,11.8091,Gas Giant
HAT-P-61 b,335.944626,10.725059,Gas Giant
TOI-6130 b,333.719827,14.445698,Gas Giant
OGLE-TR-182 b,332.657633,15.20682,Gas Giant
TOI-6383 A b,331.0,11.35045,Gas Giant
TOI-5181 A b,330.541543,13.190848,Gas Giant
TOI-2169 A b,329.588058,11.473361,Gas Giant
WASP-7 b,329.112965,13.743376,Gas Giant
HATS-58 A b,327.3649,11.140951,Gas Giant
TOI-3135 b,327.363259,13.314169,Gas Giant
HAT-P-5 b,327.36245,13.885404,Gas Giant
TOI-3693 b,324.184975,12.748147,Gas Giant
HD 202772 A b,323.23311,21.152053,Gas Giant
Kepler-643 b,321.0083,11.090251,Gas Giant
TOI-1130 c,319.887494,14.217874,Gas Giant
WASP-45 b,318.844294,11.905242,Gas Giant
WASP-190 b,317.83,13.575525,Gas Giant
WASP-129 b,317.83,11.78353,Gas Giant
WASP-68 b,316.449903,13.986919,Gas Giant
WASP-26 b,315.029923,14.158039,Gas Giant
WASP-149 b,314.967951,15.282453,Gas Giant
WASP-175 b,314.6517,13.446436,Gas Giant
WASP-185 b,311.4734,14.245236,Gas Giant
TOI-3688 A b,311.471839,13.190262,Gas Giant
TOI-2803 A b,309.882697,17.783006,Gas Giant
TOI-1811 b,308.929212,11.431613,Gas Giant
TOI-4794 b,308.293555,14.048602,Gas Giant
HAT-P-42 b,305.7457,13.766233,Gas Giant
HATS-63 b,305.1168,13.023766,Gas Giant
HATS-64 b,305.1168,17.390943,Gas Giant
TOI-4377 b,304.161786,14.73649,Gas Giant
KELT-12 b,301.9385,17.67596,Gas Giant
TOI-892 b,301.937743,12.006913,Gas Giant
HATS-34 b,299.07803,14.557871,Gas Giant
TOI-2202 b,299.076531,11.215883,Gas Giant
WASP-48 b,298.83029,17.779053,Gas Giant
KELT-23 A b,298.12454,14.758754,Gas Giant
WASP-16 b,297.603516,12.356668,Gas Giant
Kepler-412 b,297.378813,13.488166,Gas Giant
NGTS-8 b,295.5819,11.821007,Gas Giant
TOI-2420 b,294.626933,13.422617,Gas Giant
WASP-41 b,294.180928,13.236987,Gas Giant
K2-115 b,293.991946,11.641615,Gas Giant
HATS-55 b,292.72143,13.062479,Gas Giant
HATS-32 b,292.4036,13.032921,Gas Giant
TOI-2154 b,292.402134,16.170676,Gas Giant
WASP-58 b,292.294757,15.07325,Gas Giant
WASP-78 b,292.162303,20.077724,Gas Giant
WASP-76 b,288.588682,20.982511,Gas Giant
WASP-28 b,287.821769,14.051452,Gas Giant
KELT-4 A b,286.364113,18.972527,Gas Giant
XO-1 b,286.272221,13.732649,Gas Giant
WASP-180 A b,286.047,14.90773,Gas Giant
WASP-123 b,285.72917,14.603681,Gas Giant
TOI-5592 b,285.727738,15.53027,Gas Giant
CoRoT-12 b,285.408313,16.047675,Gas Giant
HAT-P-41 b,284.852388,19.578231,Gas Giant
WASP-2 b,283.596162,11.850495,Gas Giant
WASP-145 A b,282.8687,10.29633,Gas Giant
WASP-1 b,282.681284,17.386494,Gas Giant
HAT-P-13 b,280.269368,15.514943,Gas Giant
WASP-23 b,280.161285,11.452737,Gas Giant
HATS-31 b,279.6904,16.357718,Gas Giant
WASP-44 b,278.416113,12.22545,Gas Giant
HAT-P-45 b,278.4129,16.292089,Gas Giant
WASP-155 b,276.828543,13.434638,Gas Giant
WASP-98 b,275.4497,12.534472,Gas Giant
TOI-1478 b,275.081164,12.07245,Gas Giant
WASP-59 b,273.647408,9.397365,Gas Giant
WASP-74 b,273.3338,16.068856,Gas Giant
K2-238 b,273.3338,14.5717,Gas Giant
WASP-79 b,272.885167,19.02158,Gas Giant
WASP-176 b,271.74465,16.066602,Gas Giant
TOI-3894 b,270.154146,15.002845,Gas Giant
TOI-5340 b,270.154146,14.34799,Gas Giant
WASP-142 b,266.9772,17.388255,Gas Giant
K2-107 b,266.9772,15.188745,Gas Giant
TOI-2107 b,263.797578,13.878538,Gas Giant
HATS-9 b,262.315693,13.746908,Gas Giant
HATS-65 b,260.93843,16.299749,Gas Giant
TOI-2570 b,260.619294,13.855656,Gas Giant
TOI-2158 b,260.619294,10.779711,Gas Giant
OGLE-TR-211 b,260.615967,14.511839,Gas Giant
HAT-P-52 b,259.826025,11.110154,Gas Giant
Gaia-2 b,259.665809,14.771372,Gas Giant
NGTS-1 b,258.07796,12.760709,Gas Giant
HATS-59 b,256.17098,12.998267,Gas Giant
WASP-92 b,255.85315,14.893073,Gas Giant
WASP-187 b,254.264,18.21193,Gas Giant
TOI-2031 A b,254.262726,13.901672,Gas Giant
TOI-6034 b,254.0,12.032543,Gas Giant
KELT-8 b,252.67485,20.226477,Gas Giant
HAT-P-32 b,252.672883,20.390904,Gas Giant
TOI-169 b,251.40353,11.613252,Gas Giant
HAT-P-66 b,248.86089,16.736055,Gas Giant
HAT-P-29 b,246.252536,12.300869,Gas Giant
HATS-51 b,244.09344,14.407864,Gas Giant
NGTS-17 b,242.820903,13.899136,Gas Giant
HAT-P-62 b,241.867418,12.403801,Gas Giant
TrES-1 b,241.546268,12.269265,Gas Giant
HATS-54 b,240.437795,11.298273,Gas Giant
NGTS-15 b,238.689134,12.329879,Gas Giant
HAT-P-30 b,238.11641,15.728453,Gas Giant
HAT-P-33 b,237.734225,19.536531,Gas Giant
HAT-P-9 b,237.608228,15.667843,Gas Giant
NGTS-2 b,235.1942,18.213328,Gas Giant
TOI-6628 b,235.193021,10.445596,Gas Giant
TOI-2382 b,235.193021,12.511195,Gas Giant
Qatar-10 b,233.92288,18.174544,Gas Giant
TOI-4087 b,232.014737,13.474427,Gas Giant
WASP-81 b,231.69807,15.285913,Gas Giant
TOI-640 b,230.426296,19.636462,Gas Giant
HAT-P-68 b,230.10892,12.860967,Gas Giant
CoRoT-4 b,228.199407,13.279636,Gas Giant
TOI-2714 b,228.0,13.32195,Gas Giant
TOI-4914 b,227.0,12.7377,Gas Giant
HAT-P-24 b,226.165918,14.532702,Gas Giant
WASP-35 b,225.762043,14.756384,Gas Giant
TOI-2818 b,225.658169,14.75302,Gas Giant
XO-7 b,225.499819,15.42462,Gas Giant
HATS-30 b,224.38798,14.0439,Gas Giant
TOI-7149 b,224.0,12.2303,Gas Giant
HATS-45 b,222.481,14.157505,Gas Giant
TOI-1789 b,222.479885,14.266516,Gas Giant
HAT-P-43 b,221.20545,14.206857,Gas Giant
WASP-84 b,219.872058,10.970692,Gas Giant
TOI-3714 b,218.13623,11.348529,Gas Giant
CoRoT-36 b,216.123317,15.804663,Gas Giant
KELT-10 b,215.964943,15.337136,Gas Giant
Qatar-6 b,214.693621,12.602944,Gas Giant
HATS-28 b,213.58176,13.415017,Gas Giant
K2-29 b,213.422845,12.045879,Gas Giant
TOI-905 b,211.99261,13.528737,Gas Giant
NGTS-16 b,211.991547,14.571675,Gas Giant
TOI-1899 b,211.356416,12.056631,Gas Giant
TOI-3235 b,211.355891,11.206617,Gas Giant
Kepler-15 b,210.71869,11.987795,Gas Giant
HATS-60 b,210.40346,11.710589,Gas Giant
WASP-165 b,209.13214,14.200479,Gas Giant
Kepler-6 b,207.93796,13.285552,Gas Giant
WASP-57 b,207.54007,11.676669,Gas Giant
TIC 257060897 b,207.224121,17.173256,Gas Giant
HATS-29 b,207.065727,13.482221,Gas Giant
HAT-P-4 b,206.905426,14.74259,Gas Giant
HATS-26 b,206.5895,18.711871,Gas Giant
TOI-2184 b,206.588465,12.408568,Gas Giant
TOI-2368 b,206.588465,11.155873,Gas Giant
Kepler-423 b,203.511993,13.136271,Gas Giant
TOI-2207 b,203.41018,11.061931,Gas Giant
V1298 Tau b,203.41018,9.937349,Gas Giant
TOI-2524 b,203.41018,12.18509,Gas Giant
WASP-116 b,203.41018,14.608628,Gas Giant
NGTS-25 b,203.092352,11.466787,Gas Giant
HAT-P-27 b,200.864093,11.353203,Gas Giant
HAT-P-28 b,200.705355,13.175748,Gas Giant
HATS-39 b,200.2329,18.377626,Gas Giant
WASP-90 b,200.2329,17.489521,Gas Giant
TOI-2580 b,200.231896,17.87866,Gas Giant
WASP-154 b,198.960583,10.922061,Gas Giant
WASP-102 b,197.689269,14.952572,Gas Giant
TOI-3023 b,197.053612,16.344533,Gas Giant
K2-419 A b,196.0,10.641599,Gas Giant
HAT-P-63 b,195.146642,13.083392,Gas Giant
HATS-25 b,194.82979,14.2063,Gas Giant
NGTS-23 b,194.828813,14.201779,Gas Giant
WASP-54 b,194.085227,17.943839,Gas Giant
TOI-3474 b,193.875328,14.373028,Gas Giant
TOI-1670 c,191.968358,10.687692,Gas Giant
HAT-P-3 b,191.61082,10.086876,Gas Giant
HATS-56 b,191.33366,17.973246,Gas Giant
TOI-5300 b,190.697044,10.916552,Gas Giant
K2-30 b,189.74451,12.851839,Gas Giant
WASP-22 b,189.319397,13.202611,Gas Giant
HATS-53 b,189.10885,14.86723,Gas Giant
TOI-216.01,188.991954,10.617505,Gas Giant
WASP-70 A b,188.628255,12.979323,Gas Giant
NGTS-27 b,188.472245,14.670769,Gas Giant
WASP-55 b,188.407817,14.740133,Gas Giant
TOI-3980 b,187.51876,15.763643,Gas Giant
TOI-3837 b,187.51876,10.948006,Gas Giant
WASP-124 b,187.042495,14.362457,Gas Giant
HAT-P-55 b,186.248064,13.970487,Gas Giant
Kepler-8 b,186.1668,15.449817,Gas Giant
HAT-P-39 b,185.608635,18.112872,Gas Giant
XO-2 N b,185.372415,11.428292,Gas Giant
HAT-P-64 b,184.340476,18.625147,Gas Giant
TOI-5322 b,184.022648,16.671105,Gas Giant
HATS-69 b,183.38791,10.342562,Gas Giant
WASP-34 b,182.988198,12.987895,Gas Giant
WASP-157 b,182.43442,11.54124,Gas Giant
HAT-P-60 b,182.433506,18.312324,Gas Giant
WASP-184 b,181.1631,14.868485,Gas Giant
NGTS-32 b,181.162192,15.916753,Gas Giant
HAT-P-25 b,180.41896,13.016856,Gas Giant
HATS-13 b,180.368525,13.093099,Gas Giant
OGLE-TR-111 b,179.573013,11.40295,Gas Giant
WASP-169 b,178.30263,16.493355,Gas Giant
HATS-44 b,177.9848,11.944621,Gas Giant
WASP-62 b,177.82386,15.28961,Gas Giant
HAT-P-40 b,177.55821,18.463101,Gas Giant
HAT-P-17 b,177.266878,11.57111,Gas Giant
WASP-25 b,176.712097,13.536785,Gas Giant
HATS-10 b,176.554565,11.422034,Gas Giant
WASP-15 b,176.510588,15.666293,Gas Giant
TOI-3321 b,176.076937,15.144133,Gas Giant
WASP-159 b,174.8065,13.90591,Gas Giant
CoRoT-26 b,174.8007,14.12167,Gas Giant
WASP-80 b,174.42224,11.00692,Gas Giant
HAT-P-65 b,171.786674,19.032349,Gas Giant
TOI-3856 b,171.62734,13.478497,Gas Giant
WASP-56 b,171.625557,11.871197,Gas Giant
WASP-60 b,169.163363,11.342845,Gas Giant
HATS-27 b,168.4499,16.059023,Gas Giant
TOI-4582 b,168.449056,10.347105,Gas Giant
HAT-P-1 b,167.614731,14.373119,Gas Giant
TOI-4214 b,165.270772,10.918079,Gas Giant
NGTS-24 b,165.270772,12.623901,Gas Giant
TOI-5293 A b,164.657102,11.5927,Gas Giant
WASP-88 b,164.210567,18.231477,Gas Giant
WASP-42 b,161.87908,11.844441,Gas Giant
WASP-177 b,161.45764,14.857857,Gas Giant
WASP-101 b,159.654937,15.871538,Gas Giant
WASP-183 b,159.55066,15.944255,Gas Giant
WASP-110 b,158.437461,13.633409,Gas Giant
Kepler-45 b,157.74724,11.06602,Gas Giant
HAT-P-46 b,156.684,13.89272,Gas Giant
HATS-75 b,156.053748,9.786932,Gas Giant
TOI-5386 A b,155.100263,14.947741,Gas Giant
WASP-31 b,152.954003,17.322806,Gas Giant
WASP-96 b,152.55535,13.813304,Gas Giant
WASP-113 b,150.96925,16.587541,Gas Giant
WASP-13 b,150.904502,15.920108,Gas Giant
WASP-172 b,149.379726,18.513177,Gas Giant
WASP-94 A b,149.16616,19.20135,Gas Giant
CoRoT-5 b,148.901703,15.365262,Gas Giant
WASP-6 b,148.766234,12.96545,Gas Giant
KELT-6 b,147.471153,13.736708,Gas Giant
TIC 139270665 b,147.154552,7.229793,Other/Unknown
Kepler-422 b,146.19835,12.501304,Gas Giant
WASP-52 b,146.095257,14.435736,Gas Giant
TOI-4329 b,143.022783,18.848845,Gas Giant
TOI-1259 A b,140.162327,12.004885,Gas Giant
Kepler-7 b,139.907688,17.514147,Gas Giant
TOI-2796 b,139.844499,16.172865,Gas Giant
TOI-615 b,138.255357,19.065202,Gas Giant
Kepler-12 b,137.142213,18.732533,Gas Giant
TOI-4145 A b,136.666215,12.74388,Gas Giant
WASP-168 b,133.4886,14.7865,Gas Giant
WASP-132 b,133.170429,10.094945,Gas Giant
WASP-67 b,133.168125,14.121745,Gas Giant
TOI-5344 b,132.972652,9.988939,Gas Giant
TOI-1194 b,132.464877,8.693781,Gas Giant
NGTS-18 b,129.991818,13.604105,Gas Giant
TOI-3912 b,129.038333,14.257871,Gas Giant
TOI-530 b,127.131363,8.957785,Gas Giant
K2-232 b,124.748275,11.946041,Gas Giant
HD 1397 b,124.27153,11.727683,Gas Giant
TOI-5688 A b,124.0,9.85747,Gas Giant
WASP-153 b,123.9537,16.506929,Gas Giant
HATS-50 b,123.9537,13.136189,Gas Giant
K2-139 b,123.00021,9.310979,Gas Giant
WASP-49 b,122.84011,12.710102,Gas Giant
Kepler-63 b,120.0,5.840241,Other/Unknown
HAT-P-58 b,118.232167,14.942421,Gas Giant
TOI-837 b,118.228483,8.627744,Gas Giant
Qatar-8 b,117.91493,14.817183,Gas Giant
HATS-71 b,117.5971,10.902089,Gas Giant
TOI-2842 b,117.596511,12.359296,Gas Giant
HATS-47 b,117.27927,12.928662,Gas Giant
Kepler-553 b,116.007369,4.695378,Other/Unknown
WASP-63 b,115.37049,15.479599,Gas Giant
TOI-7041 b,114.418227,10.481376,Gas Giant
HATS-49 b,112.19399,8.601713,Gas Giant
TOI-5573 b,112.0,9.449795,Gas Giant
HAT-P-44 b,111.871,14.6452,Gas Giant
HD 149026 b,111.716505,8.160858,Gas Giant
NGTS-11 b,109.33352,9.069227,Gas Giant
Kepler-426 b,107.584355,11.608526,Gas Giant
K2-295 b,106.47305,10.398268,Gas Giant
TOI-1298 b,106.073456,9.633391,Gas Giant
WASP-20 b,105.941957,15.77442,Gas Giant
TOI-2421 b,105.83686,10.560654,Gas Giant
HATS-6 b,101.38777,11.345241,Gas Giant
K2-287 b,100.91077,9.415552,Gas Giant
TOI-3877 b,99.79812,11.868579,Gas Giant
WASP-151 b,99.480538,13.064311,Gas Giant
TOI-3486 b,99.162463,10.522984,Gas Giant
V1298 Tau d,98.526806,6.324652,Other/Unknown
HAT-P-51 b,98.209307,14.047743,Gas Giant
WASP-148 b,97.096694,8.501028,Gas Giant
TOI-2986 b,96.619836,8.807758,Gas Giant
TOI-1268 b,96.4,8.707641,Gas Giant
TOI-622 b,96.302007,9.268221,Gas Giant
WASP-83 b,96.143575,11.836773,Gas Giant
TOI-1775 b,96.0,8.371759,Gas Giant
TOI-4406 b,95.348522,11.668253,Gas Giant
WASP-181 b,95.03117,13.788187,Gas Giant
TOI-1296 b,95.006433,14.162478,Gas Giant
WASP-21 b,93.917765,13.237128,Gas Giant
NGTS-26 b,92.805895,14.885526,Gas Giant
Kepler-427 b,92.48818,11.534786,Gas Giant
HAT-P-19 b,90.368063,12.055167,Gas Giant
WASP-117 b,90.220121,11.634462,Gas Giant
WASP-126 b,89.6462,10.637114,Gas Giant
CoRoT-25 b,89.467095,12.10786,Gas Giant
TOI-4994 b,88.991954,8.819357,Gas Giant
WASP-39 b,88.928154,14.680208,Gas Giant
WASP-160 B b,88.35674,12.382455,Gas Giant
WASP-147 b,87.40325,12.110846,Gas Giant
WASP-131 b,86.290628,14.840333,Gas Giant
TOI-3757 b,85.3,12.218865,Gas Giant
HAT-P-38 b,84.858805,9.57839,Gas Giant
WASP-69 b,83.8952,11.454451,Gas Giant
HATS-43 b,82.95363,13.563036,Gas Giant
K2-329 b,82.6358,8.724046,Gas Giant
Kepler-170 b,82.6,3.043,Other/Unknown
TOI-5210 b,81.999729,11.164947,Gas Giant
TOI-2000 c,81.7,8.241175,Gas Giant
TOI-3629 b,79.933844,8.22952,Gas Giant
TOI-762 A b,79.77493,8.183358,Gas Giant
TOI-2583 A b,79.457102,14.095843,Gas Giant
TOI-6038 A b,78.5,5.56389,Other/Unknown
HATS-48 A b,77.23269,9.23336,Gas Giant
WASP-29 b,76.516693,8.463234,Gas Giant
V1298 Tau c,76.278818,5.265377,Other/Unknown
TOI-1199 b,75.960989,10.596012,Gas Giant
HD 332231 b,75.82526,9.729879,Gas Giant
Kepler-425 b,75.63979,10.196516,Gas Giant
Kepler-396 b,75.5,3.335889,Other/Unknown
HATS-5 b,75.48327,10.221764,Gas Giant
TOI-1853 b,73.2,3.67667,Other/Unknown
TOI-5786 b,73.0,7.699065,Other/Unknown
NGTS-5 b,72.78307,12.692612,Gas Giant
TOI-1842 b,72.600892,12.09574,Gas Giant
TOI-2364 b,71.511392,9.092219,Gas Giant
TOI-1273 b,70.557906,10.222685,Gas Giant
TOI-2587 A b,69.286593,11.506436,Gas Giant
TOI-3682 b,69.286593,12.486678,Gas Giant
CoRoT-8 b,69.28629,6.924577,Other/Unknown
TOI-3071 b,68.2,7.147675,Other/Unknown
TOI-1823 b,67.4,7.873787,Other/Unknown
NGTS-12 b,66.10864,11.179075,Gas Giant
K2-261 b,65.536049,9.705994,Gas Giant
Kepler-92 b,64.3,3.619636,Other/Unknown
TOI-1294 b,63.9,9.779024,Gas Giant
TOI-2567 b,63.88351,10.815208,Gas Giant
TOI-4734 b,61.658711,9.972264,Gas Giant
HAT-P-18 b,61.658393,10.912714,Gas Giant
TOI-532 b,61.5,5.70556,Other/Unknown
TOI-6651 b,61.0,5.09132,Other/Unknown
HD 221416 b,60.5,8.763304,Gas Giant
KELT-11 b,60.493534,14.798966,Gas Giant
TOI-5398 b,58.7,11.0253,Gas Giant
Kepler-416 b,58.2,2.574111,Other/Unknown
TOI-332 b,57.2,3.24162,Other/Unknown
HATS-62 b,56.89157,11.819902,Gas Giant
TOI-2374 b,56.64,7.414585,Other/Unknown
TOI-3976 A b,55.619971,12.193167,Gas Giant
TOI-954 b,55.30242,9.302749,Gas Giant
Kepler-123 b,55.3,2.724,Other/Unknown
TOI-2076 c,55.0,3.588401,Other/Unknown
HATS-46 b,54.98459,10.33616,Gas Giant
WASP-127 b,54.778001,14.91553,Gas Giant
TOI-2876 b,54.030829,9.501897,Gas Giant
TOI-6894 b,53.395172,9.483356,Gas Giant
TOI-1696 b,52.7,3.167128,Other/Unknown
TOI-1135 b,51.42,9.143227,Gas Giant
Kepler-101 b,51.1,5.1076,Other/Unknown
K2-121 b,51.0,7.69846,Other/Unknown
TOI-2328 b,50.852545,10.041346,Gas Giant
Kepler-297 b,48.5,3.0633,Other/Unknown
Kepler-1656 b,48.2,4.672292,Other/Unknown
CoRoT-32 b,47.6745,6.38913,Other/Unknown
WASP-182 b,47.03884,9.06933,Gas Giant
TOI-1386 b,46.419302,5.527195,Other/Unknown
TOI-181 b,46.1687,7.00749,Other/Unknown
Kepler-226 c,45.2,2.5823,Other/Unknown
HATS-8 b,44.972945,9.807827,Gas Giant
TOI-3984 A b,44.0,7.53618,Other/Unknown
K2-55 b,44.0,4.313787,Other/Unknown
TOI-257 b,43.86032,6.770817,Other/Unknown
TOI-1288 b,43.05,5.058494,Other/Unknown
K2-280 b,43.05,7.449156,Other/Unknown
WASP-156 b,41.24112,5.99387,Other/Unknown
TOI-849 b,40.445,3.541797,Other/Unknown
TOI-329 b,40.4,4.982682,Other/Unknown
WASP-193 b,39.887465,14.885356,Gas Giant
HATS-72 b,39.855882,8.793826,Gas Giant
HATS-7 b,38.616345,6.014456,Other/Unknown
TOI-1439 b,38.5,3.961528,Other/Unknown
TOI-4010 d,38.15,6.363589,Other/Unknown
WASP-139 b,37.18611,9.155622,Gas Giant
Kepler-31 b,36.7418,5.450556,Other/Unknown
HD 89345 b,36.37291,7.123466,Other/Unknown
Kepler-183 c,35.7,2.4562,Other/Unknown
Kepler-145 b,35.55,2.334364,Other/Unknown
WASP-107 b,35.040194,10.982602,Gas Giant
TOI-2498 b,34.62,5.417062,Other/Unknown
TOI-2019 b,34.4,4.664272,Other/Unknown
WASP-195 b,33.054154,9.711311,Gas Giant
TOI-5005 b,32.7,6.127145,Other/Unknown
WASP-166 b,32.10083,7.182045,Other/Unknown
TOI-1174 b,32.0,2.475782,Other/Unknown
TOI-5108 b,32.0,6.44398,Other/Unknown
HATS-37 A b,31.46517,6.792654,Other/Unknown
LP 714-47 b,30.8,4.826157,Other/Unknown
TOI-1836 b,30.79915,8.267558,Gas Giant
Kepler-338 b,30.6,2.454167,Other/Unknown
TOI-3261 b,30.3,4.097455,Other/Unknown
K2-27 b,30.066667,4.910016,Other/Unknown
TOI-1443 b,30.0,2.20911,Other/Unknown
Kepler-414 c,29.9,2.890889,Other/Unknown
NGTS-14 A b,29.24036,4.781278,Other/Unknown
K2-98 b,28.73588,4.880713,Other/Unknown
TOI-1694 b,28.7,5.430188,Other/Unknown
CoRoT-24 c,28.0,5.0,Other/Unknown
TOI-1173 b,27.85,9.20024,Gas Giant
Kepler-122 e,27.7,2.2104,Other/Unknown
TOI-1248 b,27.4,6.882456,Other/Unknown
TOI-1728 b,26.78,4.99475,Other/Unknown
TOI-2525 b,26.697586,9.201232,Gas Giant
GJ 143 b,26.665,2.86597,Other/Unknown
Kepler-411 c,26.4,3.530434,Other/Unknown
TOI-3568 b,26.4,5.851016,Other/Unknown
K2-10 b,26.1,3.778244,Other/Unknown
HAT-P-11 b,26.014674,4.77072,Other/Unknown
TOI-2196 b,26.0,3.506512,Other/Unknown
TOI-1272 b,25.8,4.288916,Other/Unknown
Kepler-411 b,25.6,2.029676,Other/Unknown
TOI-1420 b,25.1,11.990411,Gas Giant
HD 18599 b,24.8,2.658589,Other/Unknown
K2-292 b,24.5,2.63,Other/Unknown
K2-25 b,24.5,3.692773,Other/Unknown
TOI-216.02,24.375938,7.391337,Other/Unknown
Kepler-4 b,24.154625,4.085079,Other/Unknown
TOI-5795 b,23.66,5.523651,Other/Unknown
TOI-674 b,23.6,5.2603,Other/Unknown
Kepler-215 d,23.6,2.379,Other/Unknown
HATS-38 b,23.51942,6.673051,Other/Unknown
GJ 436 b,23.400878,4.104684,Other/Unknown
TOI-1710 b,23.033333,5.226168,Other/Unknown
Kepler-189 c,22.7,2.7211,Other/Unknown
TOI-132 b,22.4,3.529836,Other/Unknown
TOI-2141 b,22.05,3.01891,Other/Unknown
TOI-480 b,20.8,2.834106,Other/Unknown
NGTS-4 b,20.6,3.103289,Other/Unknown
K2-182 b,20.488337,2.791128,Other/Unknown
TOI-4010 c,20.31,6.271974,Other/Unknown
Kepler-84 c,20.2,2.74125,Other/Unknown
TOI-333 b,20.1,4.523242,Other/Unknown
HAT-P-26 b,19.969995,6.830323,Other/Unknown
Kepler-136 b,19.8,2.015778,Other/Unknown
Kepler-104 b,19.6,2.687364,Other/Unknown
HIP 97166 b,19.55,2.619648,Other/Unknown
TOI-1130 b,19.54,3.656208,Other/Unknown
TOI-1448 b,19.5,2.692202,Other/Unknown
BD+20 594 b,19.27405,2.387841,Other/Unknown
TOI-782 b,19.1,2.663333,Other/Unknown
HD 93963 A c,18.8,3.113667,Other/Unknown
K2-66 b,18.65,2.665,Other/Unknown
TOI-824 b,18.467,2.939953,Other/Unknown
TOI-2322 c,18.1,1.891512,Other/Unknown
K2-136 c,18.1,3.1615,Other/Unknown
HD 21520 b,17.7,2.697,Other/Unknown
Kepler-81 b,17.2,2.305333,Other/Unknown
HD 219666 b,17.1,4.572073,Other/Unknown
TOI-1751 b,17.0,2.761345,Other/Unknown
TOI-1052 b,16.9,2.966493,Other/Unknown
TOI-1753 b,16.6,2.547794,Other/Unknown
K2-110 b,16.533333,2.553742,Other/Unknown
TOI-1472 b,16.5,4.319058,Other/Unknown
HD 63433 c,16.3695,2.624787,Other/Unknown
TOI-908 b,16.137,3.147008,Other/Unknown
Kepler-131 b,16.13,2.1249,Other/Unknown
TOI-2076 b,16.1,2.517789,Other/Unknown
TOI-5076 b,16.072842,3.238512,Other/Unknown
TOI-1824 b,16.0,2.599208,Other/Unknown
K2-285 c,15.68,3.56758,Other/Unknown
TOI-2406 b,15.6,2.840873,Other/Unknown
TOI-421 c,15.26,4.990321,Other/Unknown
TOI-1451 b,15.2,2.56546,Other/Unknown
Kepler-244 d,15.2,2.6311,Other/Unknown
TOI-1749 d,15.0,2.384687,Other/Unknown
TOI-3785 b,14.95,4.936095,Other/Unknown
EPIC 249893012 c,14.67,3.67,Other/Unknown
TOI-1246 e,14.65,3.511943,Other/Unknown
TOI-1691 b,14.6,3.3684,Other/Unknown
HD 207897 b,14.6,2.408344,Other/Unknown
K2-266 e,14.3,3.139172,Other/Unknown
WASP-47 d,14.071429,3.4853,Other/Unknown
TOI-1749 c,14.0,2.059015,Other/Unknown
Kepler-62 d,14.0,2.0126,Other/Unknown
TOI-1422 c,14.0,2.61,Other/Unknown
TOI-220 b,13.8,2.93909,Other/Unknown
GJ 3470 b,13.701667,4.258644,Other/Unknown
TOI-125 d,13.6,2.738585,Other/Unknown
K2-138 e,13.54,3.274993,Other/Unknown
TOI-1064 b,13.5,2.523672,Other/Unknown
Kepler-20 c,13.316667,2.994083,Other/Unknown
TOI-2458 b,13.31,2.604866,Other/Unknown
Kepler-350 d,13.093075,2.606333,Other/Unknown
HD 73583 b,13.05,2.685063,Other/Unknown
TOI-1669 c,13.0,2.320049,Other/Unknown
Kepler-95 b,13.0,3.1135,Other/Unknown
Kepler-385 b,12.8,2.9593,Other/Unknown
Kepler-48 c,12.67,2.731,Other/Unknown
TOI-1260 c,12.5,2.784456,Other/Unknown
TOI-6054.01,12.5,2.603258,Other/Unknown
TOI-1410.01,12.5,3.158509,Other/Unknown
K2-199 c,12.5,2.764476,Other/Unknown
K2-37 d,12.5,2.49196,Other/Unknown
TOI-1736 b,12.333333,2.840876,Other/Unknown
Kepler-221 c,12.2,2.8651,Other/Unknown
CoRoT-22 b,12.2,4.88,Other/Unknown
TOI-1249 b,11.9,3.26294,Other/Unknown
TOI-5398 c,11.8,3.411065,Other/Unknown
Kepler-113 b,11.7,1.9746,Other/Unknown
TOI-1347 b,11.65,1.789334,Other/Unknown
HD 106315 b,11.55,2.358676,Other/Unknown
HD 73344 b,11.455,2.929112,Other/Unknown
Kepler-107 e,11.35,3.0365,Other/Unknown
HD 136352 c,11.25,2.771507,Other/Unknown
Kepler-106 e,11.17,2.6531,Other/Unknown
HD 63935 c,11.1,2.988519,Other/Unknown
HIP 116454 b,11.0833,2.51777,Other/Unknown
KOI-1833 d,11.02,2.202,Other/Unknown
Kepler-417 b,11.0,2.394,Other/Unknown
Kepler-549 b,11.0,2.706778,Other/Unknown
TOI-2000 b,11.0,2.58559,Other/Unknown
TOI-4010 b,11.0,3.107494,Other/Unknown
K2-290 b,10.9,3.06,Other/Unknown
K2-285 e,10.7,1.95,Other/Unknown
HD 152843 b,10.69,3.222518,Other/Unknown
HD 63935 b,10.65,2.860607,Other/Unknown
TOI-1438 c,10.6,2.620975,Other/Unknown
TOI-1279 b,10.6,2.943969,Other/Unknown
TOI-757 b,10.5,2.33942,Other/Unknown
Kepler-106 c,10.44,2.4581,Other/Unknown
HD 224018 c,10.4,2.42,Other/Unknown
HD 6061 b,10.4,2.356412,Other/Unknown
TOI-1723 b,10.4,3.228757,Other/Unknown
Kepler-103 b,10.39,3.282823,Other/Unknown
TOI-1803 b,10.32,2.987775,Other/Unknown
TOI-5817 b,10.3,3.053629,Other/Unknown
TOI-1422 b,10.2,3.893716,Other/Unknown
EPIC 249893012 d,10.18,3.94,Other/Unknown
TOI-5800 b,10.15,2.657701,Other/Unknown
TOI-1062 b,10.15,2.282785,Other/Unknown
HD 191939 b,10.0,3.364213,Other/Unknown
TOI-1437 b,10.0,2.226043,Other/Unknown
TOI-1180 b,10.0,3.037178,Other/Unknown
TOI-1075 b,9.95,1.791186,Neptune-like
HD 3167 c,9.946,2.852366,Neptune-like
TOI-431 d,9.9,3.285475,Neptune-like
TOI-669 b,9.9,2.567575,Neptune-like
TOI-756 b,9.83,2.995561,Neptune-like
TOI-763 b,9.79,2.344854,Neptune-like
TOI-411 c,9.72,2.457769,Neptune-like
TOI-1742 b,9.7,2.121093,Neptune-like
Kepler-107 c,9.695,1.75925,Neptune-like
K2-285 b,9.68,2.621225,Neptune-like
TOI-784 b,9.67,1.886515,Neptune-like
HD 77946 b,9.64,2.832908,Neptune-like
TOI-836 c,9.6,2.61366,Neptune-like
TOI-125 b,9.5,2.71663,Neptune-like
TOI-1438 b,9.4,2.649529,Neptune-like
Kepler-20 b,9.366667,1.956917,Neptune-like
TOI-763 c,9.32,2.746754,Neptune-like
TOI-6054.02,9.3,2.827393,Neptune-like
TOI-2018 b,9.2,2.272078,Neptune-like
TOI-2134 b,9.13,2.954415,Neptune-like
TOI-969 b,9.1,3.20749,Neptune-like
KOI-142 b,9.1,3.784125,Neptune-like
TOI-1467 b,9.0,1.825278,Neptune-like
TOI-3493 b,8.97,3.295472,Neptune-like
TOI-1246 c,8.95,2.470015,Neptune-like
Kepler-50 b,8.9,1.707909,Neptune-like
TOI-1117 b,8.9,2.51389,Neptune-like
K2-266 d,8.9,3.053942,Neptune-like
Kepler-305 b,8.85,3.396818,Neptune-like
HD 213885 b,8.83,1.7326,Neptune-like
TOI-269 b,8.8,2.856022,Neptune-like
Kepler-184 c,8.8,2.0956,Neptune-like
EPIC 249893012 b,8.75,1.95,Neptune-like
TOI-654.01,8.71,2.453197,Neptune-like
TOI-1794 b,8.7,3.31364,Neptune-like
Kepler-113 c,8.7,2.5119,Neptune-like
HD 25463 b,8.6,2.670617,Neptune-like
TOI-1260 b,8.58,2.44343,Neptune-like
HD 110067 d,8.52,2.852,Neptune-like
Kepler-120 b,8.5,2.1949,Neptune-like
Kepler-338 e,8.5,1.660455,Neptune-like
Kepler-96 b,8.46,2.484101,Neptune-like
HIP 8152 b,8.35,2.484814,Neptune-like
K2-38 c,8.325,2.436667,Neptune-like
TOI-1238 c,8.32,2.317428,Neptune-like
EPIC 220674823 b,8.186667,1.707296,Neptune-like
HD 97658 b,8.148157,2.298458,Neptune-like
TOI-1246 b,8.1,3.145994,Neptune-like
TOI-1836 c,8.0,2.667683,Neptune-like
TOI-1803 c,8.0,4.253465,Other/Unknown
Kepler-48 d,7.93,2.0407,Neptune-like
HD 15337 c,7.897333,2.408351,Neptune-like
HD 5278 b,7.8,2.373162,Neptune-like
Kepler-11 e,7.71,4.077,Other/Unknown
K2-141 c,7.7,7.0,Other/Unknown
TOI-1347 c,7.7,1.631784,Neptune-like
EPIC 201595106 b,7.67,1.367688,Neptune-like
Kepler-305 d,7.65,2.742545,Neptune-like
HD 42813 b,7.6,3.445146,Neptune-like
TOI-815 b,7.6,2.781985,Neptune-like
LTT 3780 c,7.4875,2.347359,Neptune-like
HD 20329 b,7.42,1.69868,Neptune-like
TOI-2095 c,7.4,1.389175,Neptune-like
K2-277 b,7.4,2.17966,Neptune-like
TOI-1203 d,7.39,2.941073,Neptune-like
TOI-1470 b,7.32,2.190359,Neptune-like
HD 219134 f,7.3,1.31,Neptune-like
Kepler-68 b,7.26132,2.319756,Neptune-like
HD 86226 c,7.25,2.144135,Neptune-like
TOI-1470 c,7.24,2.47,Neptune-like
K2-222 b,7.2,2.335254,Neptune-like
HR 858 d,7.1,2.080155,Neptune-like
HD 191939 c,7.1,3.166576,Neptune-like
LP 791-18 c,7.1,2.577948,Neptune-like
HD 15337 b,7.076333,1.708604,Neptune-like
Kepler-100 c,7.05,2.266,Neptune-like
K2-216 b,7.05,1.691357,Neptune-like
Kepler-139 b,7.0,2.612,Neptune-like
TOI-1136 c,6.96,2.721471,Neptune-like
GJ 1214 b,6.94875,2.656676,Neptune-like
TOI-421 b,6.935,2.415245,Neptune-like
Kepler-11 d,6.935,3.268615,Neptune-like
TOI-1758 b,6.9,3.523273,Neptune-like
K2-131 b,6.9,1.749536,Neptune-like
HIP 41378 b,6.89,2.646057,Neptune-like
TOI-1184 b,6.8,2.383964,Neptune-like
TOI-2120 b,6.8,2.378306,Neptune-like
TOI-238 c,6.7,2.18,Neptune-like
TOI-125 c,6.63,2.723037,Neptune-like
TOI-1244 b,6.6,2.372048,Neptune-like
TOI-406.01,6.57,2.000158,Neptune-like
TOI-283 b,6.54,2.177055,Neptune-like
TOI-1798.01,6.5,2.390391,Neptune-like
TOI-1235 b,6.5,1.781738,Neptune-like
K2-167 b,6.5,2.324287,Neptune-like
K2-285 d,6.5,2.48,Neptune-like
K2-291 b,6.46,1.56609,Neptune-like
TOI-1269 b,6.4,2.374891,Neptune-like
Kepler-406 b,6.35,1.4032,Neptune-like
HD 110067 c,6.3,2.388,Neptune-like
TOI-1201 b,6.28,2.316879,Neptune-like
K2-138 c,6.27,2.359667,Neptune-like
Wolf 503 b,6.265,1.96838,Neptune-like
TOI-561 c,6.203333,2.864067,Neptune-like
TOI-270 c,6.175,2.378022,Neptune-like
K2-265 b,6.160612,1.666599,Neptune-like
Kepler-99 b,6.15,1.7145,Neptune-like
Kepler-109 b,6.1,2.409333,Neptune-like
Kepler-92 c,6.1,2.439455,Neptune-like
HD 207496 b,6.1,2.40687,Neptune-like
TOI-776 c,6.1,2.055665,Neptune-like
Kepler-454 b,6.097794,2.015574,Neptune-like
Kepler-221 b,5.95575,1.569,Neptune-like
TOI-1695 b,5.93,1.909766,Neptune-like
HD 135694 b,5.9,2.520261,Neptune-like
TOI-733 b,5.72,1.969765,Neptune-like
CoRoT-24 b,5.7,3.7,Neptune-like
HD 110067 b,5.69,2.2,Neptune-like
HD 80653 b,5.66,1.612281,Neptune-like
TOI-1798.02,5.6,1.411403,Neptune-like
TOI-4438 b,5.4,2.471621,Neptune-like
TOI-1468 c,5.37,2.067859,Neptune-like
TOI-1246 d,5.35,3.776128,Neptune-like
Kepler-197 c,5.3,1.308167,Neptune-like
Kepler-305 c,5.25,3.197545,Neptune-like
K2-12 b,5.2,2.383039,Neptune-like
Kepler-1655 b,5.2,2.141556,Neptune-like
TOI-663 d,5.2,1.954762,Neptune-like
HD 3167 b,5.17,1.652525,Neptune-like
K2-141 b,5.13,1.540258,Neptune-like
HIP 29442 d,5.12,1.454,Neptune-like
HD 110067 f,5.04,2.601,Neptune-like
TOI-1452 b,4.82,1.645247,Neptune-like
Kepler-351 b,4.8,2.858778,Neptune-like
TOI-2443 b,4.8,2.607663,Neptune-like
HD 219134 b,4.74,1.505633,Neptune-like
TOI-178 c,4.705,1.645946,Neptune-like
HD 136352 b,4.673333,1.582803,Neptune-like
Ross 176 b,4.57,2.032235,Neptune-like
HD 110113 b,4.55,2.101655,Neptune-like
TOI-286 b,4.53,1.41123,Neptune-like
TOI-836 b,4.53,1.698285,Neptune-like
HIP 29442 c,4.5,1.5655,Neptune-like
TOI-776 b,4.5,1.805577,Neptune-like
TOI-2128 b,4.5,2.358914,Neptune-like
TOI-270 d,4.49,2.141389,Neptune-like
GJ 9827 b,4.457143,1.592272,Neptune-like
TOI-663 b,4.45,2.350643,Neptune-like
K2-36 b,4.433333,1.418186,Neptune-like
HIP 41378 c,4.4,2.528935,Neptune-like
HD 219134 c,4.36,1.47005,Neptune-like
L 168-9 b,4.335,1.493895,Neptune-like
pi Men c,4.3175,2.045738,Neptune-like
TOI-5720 b,4.3,1.24161,Neptune-like
HD 25463 c,4.2,1.399097,Neptune-like
HD 235088 b,4.175,2.019859,Neptune-like
TOI-178 g,4.17,3.186668,Neptune-like
Kepler-65 d,4.14,1.643333,Neptune-like
TOI-2095 b,4.1,1.282829,Neptune-like
TOI-1011 b,4.04,1.44828,Neptune-like
HD 137496 b,4.04,1.31,Neptune-like
TOI-6008 b,4.0,1.138274,Neptune-like
TOI-1799 b,4.0,1.564035,Neptune-like
HD 110067 e,3.9,1.94,Neptune-like
Kepler-59 c,3.81,1.873222,Neptune-like
HR 858 c,3.8,2.103258,Neptune-like
Kepler-101 c,3.78,1.093,Neptune-like
TOI-260 b,3.765,1.722335,Neptune-like
TOI-1238 b,3.76,1.225361,Neptune-like
TOI-286 c,3.72,1.862775,Neptune-like
TOI-178 e,3.67,2.262911,Neptune-like
Kepler-107 b,3.655,1.5585,Neptune-like
TOI-663 c,3.65,2.461319,Neptune-like
Kepler-221 d,3.61,2.695222,Neptune-like
TOI-1444 b,3.596667,1.417331,Neptune-like
TOI-512 b,3.57,1.532729,Neptune-like
Kepler-98 b,3.55,1.8741,Neptune-like
HR 858 b,3.55,1.95347,Neptune-like
TOI-1203 b,3.51,1.52,Neptune-like
Kepler-97 b,3.51,1.5644,Neptune-like
Kepler-414 b,3.5,1.947222,Neptune-like
TOI-2345 b,3.49,1.462154,Neptune-like
TOI-1416 b,3.48,1.610185,Neptune-like
TOI-238 b,3.385,1.538063,Neptune-like
GJ 3090 b,3.34,2.07534,Neptune-like
TOI-1685 b,3.28,1.576863,Neptune-like
Kepler-254 c,3.2,2.3134,Neptune-like
K2-85 b,3.2,1.28796,Neptune-like
Kepler-102 d,3.133333,1.313167,Neptune-like
TOI-1468 b,3.125,1.378621,Neptune-like
HD 260655 c,3.09,1.71451,Neptune-like
TOI-431 b,3.07,1.377076,Neptune-like
K2-136 d,3.0,1.521667,Neptune-like
Kepler-100 d,3.0,1.521455,Neptune-like
TOI-1453 c,2.95,2.17573,Neptune-like
TOI-544 b,2.89,2.069391,Neptune-like
GJ 486 b,2.863333,1.315285,Neptune-like
K2-138 b,2.82,1.523333,Neptune-like
TOI-244 b,2.68,1.273704,Neptune-like
Kepler-407 b,2.565,1.164273,Neptune-like
K2-229 b,2.543333,1.169296,Neptune-like
Wolf 327 b,2.53,1.368477,Neptune-like
LTT 1445 A b,2.53,1.346736,Neptune-like
TOI-1807 b,2.505,1.415964,Neptune-like
TOI-1064 c,2.5,2.626238,Neptune-like
LTT 3780 b,2.4725,1.293529,Neptune-like
TOI-771 b,2.47,1.392696,Neptune-like
Kepler-65 b,2.4,1.455583,Neptune-like
LHS 1478 b,2.33,1.317461,Neptune-like
TOI-1453 b,2.32,1.173525,Neptune-like
TOI-2322 b,2.31,1.01184,Neptune-like
L 98-59 c,2.262,1.353585,Neptune-like
HD 260655 b,2.14,1.25663,Neptune-like
K2-138 f,2.05,2.814667,Neptune-like
Kepler-139 d,2.0,1.928571,Neptune-like
TOI-1411 b,2.0,1.320935,Neptune-like
GJ 806 b,1.9,1.504615,Neptune-like
GJ 3473 b,1.86,1.237367,Rocky
GJ 357 b,1.84,1.228983,Rocky
GJ 1132 b,1.66541,1.225216,Rocky
GJ 1252 b,1.576667,1.228628,Rocky
TOI-270 b,1.513333,1.244674,Rocky
GJ 3929 b,1.48,1.112429,Rocky
TOI-6255 b,1.44,1.020369,Rocky
TOI-500 b,1.42,1.228392,Rocky
TOI-1776 b,1.4,1.309759,Neptune-like
LHS 1678 c,1.4,0.988614,Rocky
TRAPPIST-1 c,1.281333,1.07425,Rocky
TRAPPIST-1 g,1.269667,1.134667,Rocky
TOI-1450 A b,1.258,1.11124,Rocky
TOI-178 b,1.23,1.176,Rocky
TOI-6324 b,1.17,1.048593,Rocky
K2-157 b,1.14,0.996827,Rocky
LP 791-18 d,0.9,1.032,Rocky
TRAPPIST-1 f,0.884333,1.045333,Rocky
HD 23472 f,0.77,1.146715,Rocky
HD 23472 e,0.72,0.893909,Rocky
TRAPPIST-1 e,0.694667,0.916,Rocky
HD 23472 d,0.55,0.753794,Rocky
Kepler-33 c,0.39,2.7571,Neptune-like
TRAPPIST-1 d,0.365,0.781333,Rocky
LHS 1678 b,0.35,0.784293,Rocky
TRAPPIST-1 h,0.3285,0.75875,Rocky
